<?xml version="1.0" encoding="UTF-8"?>
<beans
    xmlns="http://www.springframework.org/schema/beans"
    xmlns:xsi="http://www.w3.org/2001/XMLSchema-instance"
    xmlns:context="http://www.springframework.org/schema/context"
    xmlns:tx="http://www.springframework.org/schema/tx"
    xmlns:mvc="http://www.springframework.org/schema/mvc"
 xsi:schemaLocation="
  http://www.springframework.org/schema/beans
  http://www.springframework.org/schema/beans/spring-beans.xsd
  http://www.springframework.org/schema/context
  http://www.springframework.org/schema/context/spring-context.xsd
  http://www.springframework.org/schema/mvc
  http://www.springframework.org/schema/mvc/spring-mvc.xsd
  http://www.springframework.org/schema/tx 
  http://www.springframework.org/schema/tx/spring-tx.xsd">
  
  <context:component-scan base-package="com.wipro"></context:component-scan>
  <context:annotation-config></context:annotation-config>
  <bean class="org.springframework.web.servlet.view.InternalResourceViewResolver">
  		<property name="prefix" value="/views/"></property>
  		<property name="suffix" value=".jsp"></property>
  </bean>
  <bean id="ds" class="org.apache.commons.dbcp.BasicDataSource" destroy-method="close">
  		<property name="driverClassName" value="oracle.jdbc.driver.OracleDriver"></property>
  		<property name="url" value="jdbc:oracle:thin:@localhost:1521:xe"></property>
  		<property name="username" value="scott"></property>
  		<property name="password" value="tiger"></property>
  </bean>
  <bean id="sf" class="org.springframework.orm.hibernate5.LocalSessionFactoryBean">
  		<property name="dataSource" ref="ds"></property>
  		<property name="hibernateProperties">
  			<props>
  				<prop key="hibernate-dialect">org.hibernate.dialect.Oracle10gDialect</prop>
  				<prop key="hibernate.show_sql">true</prop>
  				<prop key="hibernate.hbm2ddl.auto">update</prop>
  			</props>
  		</property>
  		<property name="packagesToScan" value="com.wipro"></property>
  </bean>
  <bean id="ht" class="org.springframework.orm.hibernate5.HibernateTemplate">
  		<property name="sessionFactory" ref="sf"></property>
  </bean>
  <tx:annotation-driven/>
  <bean id="tm" class="org.springframework.orm.hibernate5.HibernateTransactionManager">
  		<property name="sessionFactory" ref="sf"></property>
  </bean>
</beans>